{"NumModels": 1, "ModelIndexes": {"0": "audio_pipe_rank_0"}, "ModelDescriptions": [{"Name": "audio_pipe_rank_0", "ClassMaps": {"1": "Silence", "2": "Snapping", "3": "Talking", "0": "Unknown"}, "ModelType": "PME", "FeatureNames": ["gen_0001_channel_0Median", "gen_0003_channel_0Std", "gen_0007_channel_0maximum", "gen_0008_channel_0minimum", "gen_0011_channel_0AbsMean", "gen_0014_channel_0100Percentile", "gen_0016_AvgEng", "gen_0018_channel_0MaxP2P1stHalfAC", "gen_0019_channel_0P2P", "gen_0026_channel_0PctTimeOver2ndSigma", "gen_0030_channel_0MeanCrossingRate", "gen_0031_channel_0ZeroCrossingRate"], "AIF": [100, 85, 98, 98, 100, 100, 100, 84, 100, 100, 100, 100, 98, 100, 100, 95, 82, 100, 93, 100, 100, 100], "Category": [2, 2, 2, 3, 3, 3, 2, 3, 3, 3, 2, 3, 3, 3, 2, 2, 1, 1, 3, 3, 2, 3], "Vector": [[235, 56, 55, 198, 113, 55, 13, 101, 55, 30, 174, 176], [235, 15, 2, 252, 59, 2, 1, 1, 3, 34, 11, 11], [235, 1, 0, 254, 4, 0, 0, 1, 0, 91, 107, 87], [235, 16, 6, 249, 45, 6, 1, 4, 6, 60, 58, 54], [139, 45, 8, 248, 168, 8, 8, 7, 8, 253, 26, 29], [235, 9, 2, 252, 34, 2, 0, 4, 2, 83, 255, 255], [235, 40, 16, 233, 123, 16, 7, 33, 19, 102, 198, 199], [201, 29, 6, 249, 118, 6, 4, 3, 6, 96, 12, 14], [235, 15, 13, 248, 27, 13, 1, 3, 10, 34, 119, 113], [235, 25, 3, 249, 102, 3, 3, 3, 4, 13, 11, 14], [235, 43, 23, 223, 109, 23, 8, 52, 27, 49, 117, 117], [215, 19, 4, 250, 73, 4, 2, 1, 4, 94, 14, 14], [235, 13, 3, 252, 49, 3, 1, 3, 3, 100, 155, 154], [233, 8, 2, 254, 26, 2, 0, 1, 2, 162, 100, 89], [235, 34, 12, 237, 86, 12, 5, 0, 14, 93, 117, 114], [235, 18, 5, 246, 62, 5, 1, 13, 7, 98, 127, 128], [235, 0, 0, 255, 1, 0, 0, 0, 0, 98, 26, 14], [235, 3, 0, 254, 13, 0, 0, 0, 1, 40, 7, 4], [235, 9, 2, 252, 28, 2, 0, 1, 3, 85, 40, 37], [230, 6, 2, 253, 22, 2, 0, 1, 2, 127, 21, 21], [235, 25, 9, 244, 73, 9, 3, 20, 10, 100, 177, 176], [225, 21, 6, 251, 74, 6, 2, 4, 5, 136, 134, 134]], "Identifiers": [0, 1, 2, 3, 4, 5, 6, 7, 8, 9, 10, 11, 12, 13, 14, 15, 16, 17, 18, 19, 20, 21], "DistanceMode": 0}]}