Designator,Comment,Layer,Center-X(mm),Center-Y(mm),Rotation
TP2,5006,TopLayer,71.6026,7.1838,0
TP1,5006,TopLayer,71.6026,10.9684,0
P1,61300211121,TopLayer,67.6656,8.5046,270
C44,GRM21BR61A476ME15L,TopLayer,31.623,23.622,180
B2,FYL0H103ZF,TopLayer,42.164,27.686,0
Y2,"Q 38,40-JXS21-10-10/15-T1-FU-WA-LF",TopLayer,72.687,14.333,0
Y1,CM8V-T1A-32.768KHZ-7PF-20PPM-TA-QC,TopLayer,66.5734,15.8932,90
U2,EFR32MG22E224F512IM40-C,TopLayer,70.993,19.431,90
U1,AEM30940-QFN,TopLayer,22.8854,19.5072,0
SW4,CVS-02TB,TopLayer,42.291,36.264,90
SW3,PTS 647 SM38 SMTR2 LFS,TopLayer,60.706,2.7178,0
SW2,PTS 647 SM38 SMTR2 LFS,TopLayer,60.071,36.137,180
SW1,PTS820J25MSMTRLFS,TopLayer,70.93,2.64,180
R34,RMCF0402JT200R,TopLayer,60.008,15.594,270
R33,AC0402FR-071ML,TopLayer,47.498,36.83,0
R32,AC0402FR-071ML,TopLayer,47.498,35.687,0
R31,RC0402FR-0710ML,TopLayer,51.054,19.5,270
R30,AC0402FR-071ML,TopLayer,53.086,1.72,180
R28,ERJ-2RKF2001X,TopLayer,74.6871,24.3498,270
R27,RC0402FR-0718KL,TopLayer,56.134,19.558,90
R26,RC0402FR-0710ML,TopLayer,51.054,30.226,90
R25,RC0402FR-0710ML,TopLayer,51.054,26.67,270
R24,RC0402FR-0710ML,TopLayer,51.054,23.114,270
R22,ERJ-2RKF2001X,TopLayer,77.343,24.4094,270
R21,RMCF0402JT200R,TopLayer,60.008,23.468,90
R20,CRGCQ0805J470R,TopLayer,53.594,36.899,180
R19,RC0402FR-0718KL,TopLayer,56.134,23.114,90
R18,RC0402FR-0710ML,TopLayer,53.086,2.921,0
R16,RC0402JR-070RL,TopLayer,64.262,29.993,0
R15,RC0402JR-070RL,TopLayer,64.262,31.009,0
R14,RC0402FR-0710ML,TopLayer,51.054,12.446,270
R12,RC0402JR-070RL,TopLayer,64.262,32.025,0
R11,RC0402JR-070RL,TopLayer,64.262,33.041,0
R10,RC0402FR-0710ML,TopLayer,51.054,16.002,270
R8,RC0201JR-070RL,TopLayer,83.058,22.098,0
R7,RC0402FR-074M22L,TopLayer,26.035,23.691,180
R5,RC0402FR-071M4L,TopLayer,26.035,24.707,180
R4,CRCW04022M61FKED,TopLayer,24.003,23.691,180
R2,RC0402FR-0710ML,TopLayer,24.003,24.707,180
R1,RC0402JR-070RL,TopLayer,23.4442,30.1752,90
Q8,DMG3420U-7,TopLayer,53.594,19.558,0
Q7,SI2302CDS-T1-E3,TopLayer,53.594,30.226,0
Q6,SI2302CDS-T1-E3,TopLayer,53.594,26.67,0
Q4,DMG3420U-7,TopLayer,53.594,23.114,0
Q3,DMG3420U-7,TopLayer,53.594,8.89,0
Q2,DMG3420U-7,TopLayer,53.594,12.446,0
Q1,DMG3420U-7,TopLayer,53.594,16.002,0
LED2,LTST-C190KRKT,TopLayer,61.263,15.5,270
LED1,LTST-C190KRKT,TopLayer,61.263,23.5,270
L2,1239AS-H-100M=P2,TopLayer,16.0688,18.8468,90
L1,1239AS-H-100M=P2,TopLayer,19.3548,24.707,270
J14,3221-10-0300-00,TopLayer,73.279,35.306,0
J2,S4B-PH-SM4-TB,TopLayer,42.164,5.784,180
J1,MM8130-2600RA2,TopLayer,16.129,33.4589,270
F9,BLM15AG221SN1D,TopLayer,65.1764,20.231,90
F8,BLM15AG221SN1D,TopLayer,65.1764,18.199,270
F7,BLM15AG221SN1D,TopLayer,76.7842,21.3868,0
F6,BLM15AG221SN1D,TopLayer,75.9206,15.5448,0
F5,LQP03TN2N7B02D,TopLayer,78.3082,18.831,0
F4,LQP03TN2N7B02D,TopLayer,75.7428,18.831,0
F2,LQW18AN33NJ10D,TopLayer,21.717,33.4589,0
F1,LQP03TN9N1H02D,TopLayer,11.303,33.4589,180
D3,SMS7630-040LF,TopLayer,21.9964,31.6992,0
D2,BZX8850S-C5V1-QYL,TopLayer,22.7744,26.7462,180
D1,SMS7630-040LF,TopLayer,22.3934,30.1752,270
C43,GRM033R71E102KA01D,TopLayer,74.93,22.929,0
C42,GRM033R71E102KA01D,TopLayer,77.089,22.9544,180
C41,GRM033C81A105ME05D,TopLayer,66.0654,18.453,90
C40,GRM033C81A105ME05D,TopLayer,66.0654,19.977,270
C39,GRM0335C1H121JA01D,TopLayer,74.7724,12.0052,0
C38,GRM033R71A103KA01D,TopLayer,66.8274,18.453,90
C37,GRM033R71A103KA01D,TopLayer,66.8274,19.977,270
C36,GRM033R61E104KE14J,TopLayer,66.4464,22.1416,0
C35,GRM033C81A105ME05D,TopLayer,67.6402,22.9362,0
C34,GRM033R61E104KE14J,TopLayer,75.6666,16.4774,180
C33,GRM033R61E104KE14J,TopLayer,76.5556,20.4724,180
C32,GRM0335C1H121JA01D,TopLayer,74.9971,17.2682,180
C31,GRM0335C1H121JA01D,TopLayer,75.7682,19.7104,180
C30,GRM033R61E104KE14J,TopLayer,66.4464,21.3486,0
C26,GJM0335C1E1R2BB01D,TopLayer,77.0382,18.481,90
C25,GRM0335C1H180JA01D,TopLayer,79.852,18.831,180
C23,GRM033C81A105ME05D,TopLayer,22.1488,15.309,0
C22,GRM0335C1H101JA01D,TopLayer,28.7322,18.8506,270
C21,GRM033R61E104KE14J,TopLayer,27.9702,18.8506,270
C20,GRM033C81A105ME05D,TopLayer,27.2082,18.8506,270
C19,GRM21BR61A476ME15L,TopLayer,31.623,21.59,180
C18,GRM21BR61A476ME15L,TopLayer,31.623,19.558,180
C17,GRM21BR61A476ME15L,TopLayer,31.623,17.526,180
C16,GRM31CR61A107MEA8L,TopLayer,32.131,15.367,180
C14,GRM033R61E104KE14J,TopLayer,18.1568,17.916,180
C13,GRM033R71A103KA01D,TopLayer,18.1516,19.0754,180
C12,CL05A106MP5NUNC,TopLayer,17.9282,16.265,90
C11,CL05A106MP5NUNC,TopLayer,21.2598,25.4944,270
C9,GRM0335C1H2R7CA01D,TopLayer,10.16,33.8089,270
C8,GRM0335C1H101JA01D,TopLayer,22.7744,28.5242,180
C7,GRM033R61E104KE14J,TopLayer,22.7744,27.7622,180
C6,GRM033R61E104KE14J,TopLayer,19.3454,21.6662,270
C5,GRM033R71A103KA01D,TopLayer,18.5834,21.6662,270
C4,GRM188R61A226ME15D,TopLayer,16.3942,23.2664,0
C3,GRM188R61A226ME15D,TopLayer,16.3942,21.7424,0
C2,GRM0335C1H121JA01D,TopLayer,13.589,33.4589,0
C1,GRM0335C1H2R7CA01D,TopLayer,12.446,33.8089,270
